continent,mean_gdp
Africa,24750853146.396015
Americas,344688529570.3726
Asia,237647506783.6106
Europe,230007271638.81992
Oceania,77684863317.16368
